FileName,Label,ClassName
D:\paper\Self_Supervised_Learning\codes\self_supervised_learning_pytorch\dataset\flowers\daisy\14399435971_ea5868c792.jpg,0,daisy
D:\paper\Self_Supervised_Learning\codes\self_supervised_learning_pytorch\dataset\flowers\daisy\2649404904_b7a91991bb_n.jpg,0,daisy
D:\paper\Self_Supervised_Learning\codes\self_supervised_learning_pytorch\dataset\flowers\daisy\8489463746_a9839bf7e4.jpg,0,daisy
D:\paper\Self_Supervised_Learning\codes\self_supervised_learning_pytorch\dataset\flowers\daisy\299129811_d6ebda9970.jpg,0,daisy
D:\paper\Self_Supervised_Learning\codes\self_supervised_learning_pytorch\dataset\flowers\daisy\10555749515_13a12a026e.jpg,0,daisy
D:\paper\Self_Supervised_Learning\codes\self_supervised_learning_pytorch\dataset\flowers\daisy\4858518329_7563eb0baa_m.jpg,0,daisy
D:\paper\Self_Supervised_Learning\codes\self_supervised_learning_pytorch\dataset\flowers\daisy\2454280135_ac3aa75cdc_n.jpg,0,daisy
D:\paper\Self_Supervised_Learning\codes\self_supervised_learning_pytorch\dataset\flowers\daisy\9467543719_c4800becbb_m.jpg,0,daisy
D:\paper\Self_Supervised_Learning\codes\self_supervised_learning_pytorch\dataset\flowers\daisy\14621687774_ec52811acd_n.jpg,0,daisy
D:\paper\Self_Supervised_Learning\codes\self_supervised_learning_pytorch\dataset\flowers\daisy\5459481183_18d2d49e44_m.jpg,0,daisy
D:\paper\Self_Supervised_Learning\codes\self_supervised_learning_pytorch\dataset\flowers\daisy\4683997791_56e7d3c03c_n.jpg,0,daisy
D:\paper\Self_Supervised_Learning\codes\self_supervised_learning_pytorch\dataset\flowers\daisy\14421389519_d5fd353eb4.jpg,0,daisy
D:\paper\Self_Supervised_Learning\codes\self_supervised_learning_pytorch\dataset\flowers\daisy\2642408410_61545fdc83_n.jpg,0,daisy
D:\paper\Self_Supervised_Learning\codes\self_supervised_learning_pytorch\dataset\flowers\daisy\2521408074_e6f86daf21_n.jpg,0,daisy
D:\paper\Self_Supervised_Learning\codes\self_supervised_learning_pytorch\dataset\flowers\daisy\5973491805_556bba93cc.jpg,0,daisy
D:\paper\Self_Supervised_Learning\codes\self_supervised_learning_pytorch\dataset\flowers\daisy\9611923744_013b29e4da_n.jpg,0,daisy
D:\paper\Self_Supervised_Learning\codes\self_supervised_learning_pytorch\dataset\flowers\daisy\14087947408_9779257411_n.jpg,0,daisy
D:\paper\Self_Supervised_Learning\codes\self_supervised_learning_pytorch\dataset\flowers\daisy\10993710036_2033222c91.jpg,0,daisy
D:\paper\Self_Supervised_Learning\codes\self_supervised_learning_pytorch\dataset\flowers\daisy\3999978867_c67c79597f_m.jpg,0,daisy
D:\paper\Self_Supervised_Learning\codes\self_supervised_learning_pytorch\dataset\flowers\daisy\171972704_389cf7a953.jpg,0,daisy
D:\paper\Self_Supervised_Learning\codes\self_supervised_learning_pytorch\dataset\flowers\daisy\8071646795_2fdc89ab7a_n.jpg,0,daisy
D:\paper\Self_Supervised_Learning\codes\self_supervised_learning_pytorch\dataset\flowers\daisy\173350276_02817aa8d5.jpg,0,daisy
D:\paper\Self_Supervised_Learning\codes\self_supervised_learning_pytorch\dataset\flowers\daisy\2476937534_21b285aa46_n.jpg,0,daisy
D:\paper\Self_Supervised_Learning\codes\self_supervised_learning_pytorch\dataset\flowers\daisy\8348621545_8f02b82662_n.jpg,0,daisy
D:\paper\Self_Supervised_Learning\codes\self_supervised_learning_pytorch\dataset\flowers\daisy\8127252886_96558c23d1.jpg,0,daisy
D:\paper\Self_Supervised_Learning\codes\self_supervised_learning_pytorch\dataset\flowers\daisy\2578695910_5ab8ee17c1_n.jpg,0,daisy
D:\paper\Self_Supervised_Learning\codes\self_supervised_learning_pytorch\dataset\flowers\daisy\9120905231_329598304e.jpg,0,daisy
D:\paper\Self_Supervised_Learning\codes\self_supervised_learning_pytorch\dataset\flowers\daisy\4657354814_f368762c53_m.jpg,0,daisy
D:\paper\Self_Supervised_Learning\codes\self_supervised_learning_pytorch\dataset\flowers\daisy\835750256_3f91a147ef_n.jpg,0,daisy
D:\paper\Self_Supervised_Learning\codes\self_supervised_learning_pytorch\dataset\flowers\daisy\2514748602_343d4727c0_n.jpg,0,daisy
D:\paper\Self_Supervised_Learning\codes\self_supervised_learning_pytorch\dataset\flowers\daisy\2908212142_5437fa67ff_n.jpg,0,daisy
D:\paper\Self_Supervised_Learning\codes\self_supervised_learning_pytorch\dataset\flowers\daisy\5876455546_32049e5585.jpg,0,daisy
D:\paper\Self_Supervised_Learning\codes\self_supervised_learning_pytorch\dataset\flowers\daisy\14471433500_cdaa22e3ea_m.jpg,0,daisy
D:\paper\Self_Supervised_Learning\codes\self_supervised_learning_pytorch\dataset\flowers\daisy\3750250718_eb61146c5f.jpg,0,daisy
D:\paper\Self_Supervised_Learning\codes\self_supervised_learning_pytorch\dataset\flowers\daisy\4694730335_2553e77aa5_z.jpg,0,daisy
D:\paper\Self_Supervised_Learning\codes\self_supervised_learning_pytorch\dataset\flowers\daisy\102841525_bd6628ae3c.jpg,0,daisy
D:\paper\Self_Supervised_Learning\codes\self_supervised_learning_pytorch\dataset\flowers\daisy\176375506_201859bb92_m.jpg,0,daisy
D:\paper\Self_Supervised_Learning\codes\self_supervised_learning_pytorch\dataset\flowers\daisy\11642632_1e7627a2cc.jpg,0,daisy
D:\paper\Self_Supervised_Learning\codes\self_supervised_learning_pytorch\dataset\flowers\daisy\5853276960_d08f90fff6.jpg,0,daisy
D:\paper\Self_Supervised_Learning\codes\self_supervised_learning_pytorch\dataset\flowers\daisy\15760811380_4d686c892b_n.jpg,0,daisy
D:\paper\Self_Supervised_Learning\codes\self_supervised_learning_pytorch\dataset\flowers\daisy\3764116502_f394428ee0_n.jpg,0,daisy
D:\paper\Self_Supervised_Learning\codes\self_supervised_learning_pytorch\dataset\flowers\daisy\4229503616_9b8a42123c_n.jpg,0,daisy
D:\paper\Self_Supervised_Learning\codes\self_supervised_learning_pytorch\dataset\flowers\daisy\10172567486_2748826a8b.jpg,0,daisy
D:\paper\Self_Supervised_Learning\codes\self_supervised_learning_pytorch\dataset\flowers\daisy\13977181862_f8237b6b52.jpg,0,daisy
D:\paper\Self_Supervised_Learning\codes\self_supervised_learning_pytorch\dataset\flowers\daisy\4538877108_3c793f7987_m.jpg,0,daisy
D:\paper\Self_Supervised_Learning\codes\self_supervised_learning_pytorch\dataset\flowers\daisy\3356112863_75da8bca2c_m.jpg,0,daisy
D:\paper\Self_Supervised_Learning\codes\self_supervised_learning_pytorch\dataset\flowers\daisy\4065883015_4bb6010cb7_n.jpg,0,daisy
D:\paper\Self_Supervised_Learning\codes\self_supervised_learning_pytorch\dataset\flowers\daisy\4333085242_bbeb3e2841_m.jpg,0,daisy
D:\paper\Self_Supervised_Learning\codes\self_supervised_learning_pytorch\dataset\flowers\daisy\4561871220_47f420ca59_m.jpg,0,daisy
D:\paper\Self_Supervised_Learning\codes\self_supervised_learning_pytorch\dataset\flowers\daisy\5665834973_76bd6c6523_m.jpg,0,daisy
D:\paper\Self_Supervised_Learning\codes\self_supervised_learning_pytorch\dataset\flowers\daisy\4511693548_20f9bd2b9c_m.jpg,0,daisy
D:\paper\Self_Supervised_Learning\codes\self_supervised_learning_pytorch\dataset\flowers\daisy\20619292635_9857a12d54.jpg,0,daisy
D:\paper\Self_Supervised_Learning\codes\self_supervised_learning_pytorch\dataset\flowers\daisy\5796562389_ae43c83317_m.jpg,0,daisy
D:\paper\Self_Supervised_Learning\codes\self_supervised_learning_pytorch\dataset\flowers\daisy\391364010_4b0942d400_m.jpg,0,daisy
D:\paper\Self_Supervised_Learning\codes\self_supervised_learning_pytorch\dataset\flowers\daisy\2877860110_a842f8b14a_m.jpg,0,daisy
D:\paper\Self_Supervised_Learning\codes\self_supervised_learning_pytorch\dataset\flowers\daisy\5794839_200acd910c_n.jpg,0,daisy
D:\paper\Self_Supervised_Learning\codes\self_supervised_learning_pytorch\dataset\flowers\daisy\19834392829_7d697871f6.jpg,0,daisy
D:\paper\Self_Supervised_Learning\codes\self_supervised_learning_pytorch\dataset\flowers\dandelion\4562516418_8ccb8c103f.jpg,1,dandelion
D:\paper\Self_Supervised_Learning\codes\self_supervised_learning_pytorch\dataset\flowers\dandelion\2535769822_513be6bbe9.jpg,1,dandelion
D:\paper\Self_Supervised_Learning\codes\self_supervised_learning_pytorch\dataset\flowers\dandelion\19617501581_606be5f716_n.jpg,1,dandelion
D:\paper\Self_Supervised_Learning\codes\self_supervised_learning_pytorch\dataset\flowers\dandelion\14886860069_b84665a073.jpg,1,dandelion
D:\paper\Self_Supervised_Learning\codes\self_supervised_learning_pytorch\dataset\flowers\dandelion\2535727910_769c020c0d_n.jpg,1,dandelion
D:\paper\Self_Supervised_Learning\codes\self_supervised_learning_pytorch\dataset\flowers\dandelion\5607983792_f8b8766ff7.jpg,1,dandelion
D:\paper\Self_Supervised_Learning\codes\self_supervised_learning_pytorch\dataset\flowers\dandelion\17821459748_873101edd0_m.jpg,1,dandelion
D:\paper\Self_Supervised_Learning\codes\self_supervised_learning_pytorch\dataset\flowers\dandelion\19961979110_fcd8092388_m.jpg,1,dandelion
D:\paper\Self_Supervised_Learning\codes\self_supervised_learning_pytorch\dataset\flowers\dandelion\4510938552_6f7bae172a_n.jpg,1,dandelion
D:\paper\Self_Supervised_Learning\codes\self_supervised_learning_pytorch\dataset\flowers\dandelion\2326334426_2dc74fceb1.jpg,1,dandelion
D:\paper\Self_Supervised_Learning\codes\self_supervised_learning_pytorch\dataset\flowers\dandelion\141652526_2be95f21c3_n.jpg,1,dandelion
D:\paper\Self_Supervised_Learning\codes\self_supervised_learning_pytorch\dataset\flowers\dandelion\7132676187_7a4265b16f_n.jpg,1,dandelion
D:\paper\Self_Supervised_Learning\codes\self_supervised_learning_pytorch\dataset\flowers\dandelion\145173479_7d04346c20.jpg,1,dandelion
D:\paper\Self_Supervised_Learning\codes\self_supervised_learning_pytorch\dataset\flowers\dandelion\11545123_50a340b473_m.jpg,1,dandelion
D:\paper\Self_Supervised_Learning\codes\self_supervised_learning_pytorch\dataset\flowers\dandelion\17851831751_35b071f4b0.jpg,1,dandelion
D:\paper\Self_Supervised_Learning\codes\self_supervised_learning_pytorch\dataset\flowers\dandelion\19617425002_b914c1e2ab.jpg,1,dandelion
D:\paper\Self_Supervised_Learning\codes\self_supervised_learning_pytorch\dataset\flowers\dandelion\14185089716_2a48298d17.jpg,1,dandelion
D:\paper\Self_Supervised_Learning\codes\self_supervised_learning_pytorch\dataset\flowers\dandelion\808239968_318722e4db.jpg,1,dandelion
D:\paper\Self_Supervised_Learning\codes\self_supervised_learning_pytorch\dataset\flowers\dandelion\148180650_19a4b410db.jpg,1,dandelion
D:\paper\Self_Supervised_Learning\codes\self_supervised_learning_pytorch\dataset\flowers\dandelion\2995221296_a6ddaccc39.jpg,1,dandelion
D:\paper\Self_Supervised_Learning\codes\self_supervised_learning_pytorch\dataset\flowers\dandelion\5607256228_2294c201b3.jpg,1,dandelion
D:\paper\Self_Supervised_Learning\codes\self_supervised_learning_pytorch\dataset\flowers\dandelion\10200780773_c6051a7d71_n.jpg,1,dandelion
D:\paper\Self_Supervised_Learning\codes\self_supervised_learning_pytorch\dataset\flowers\dandelion\7062171343_db61c92737_n.jpg,1,dandelion
D:\paper\Self_Supervised_Learning\codes\self_supervised_learning_pytorch\dataset\flowers\dandelion\8475769_3dea463364_m.jpg,1,dandelion
D:\paper\Self_Supervised_Learning\codes\self_supervised_learning_pytorch\dataset\flowers\dandelion\17244252705_328e0bcda6.jpg,1,dandelion
D:\paper\Self_Supervised_Learning\codes\self_supervised_learning_pytorch\dataset\flowers\dandelion\9965757055_ff01b5ee6f_n.jpg,1,dandelion
D:\paper\Self_Supervised_Learning\codes\self_supervised_learning_pytorch\dataset\flowers\dandelion\10294487385_92a0676c7d_m.jpg,1,dandelion
D:\paper\Self_Supervised_Learning\codes\self_supervised_learning_pytorch\dataset\flowers\dandelion\3418355347_2bdcca592a.jpg,1,dandelion
D:\paper\Self_Supervised_Learning\codes\self_supervised_learning_pytorch\dataset\flowers\dandelion\7808430998_31ba639031_n.jpg,1,dandelion
D:\paper\Self_Supervised_Learning\codes\self_supervised_learning_pytorch\dataset\flowers\dandelion\8737699225_19e0c9f0fa_m.jpg,1,dandelion
D:\paper\Self_Supervised_Learning\codes\self_supervised_learning_pytorch\dataset\flowers\dandelion\139124974_9e3ba69f6c.jpg,1,dandelion
D:\paper\Self_Supervised_Learning\codes\self_supervised_learning_pytorch\dataset\flowers\dandelion\2521811279_1f7fc353bf_n.jpg,1,dandelion
D:\paper\Self_Supervised_Learning\codes\self_supervised_learning_pytorch\dataset\flowers\dandelion\15268682367_5a4512b29f_m.jpg,1,dandelion
D:\paper\Self_Supervised_Learning\codes\self_supervised_learning_pytorch\dataset\flowers\dandelion\4574451859_432c856b6e_n.jpg,1,dandelion
D:\paper\Self_Supervised_Learning\codes\self_supervised_learning_pytorch\dataset\flowers\dandelion\16375088191_2bf2916b53.jpg,1,dandelion
D:\paper\Self_Supervised_Learning\codes\self_supervised_learning_pytorch\dataset\flowers\dandelion\12998979765_3de89e7195_n.jpg,1,dandelion
D:\paper\Self_Supervised_Learning\codes\self_supervised_learning_pytorch\dataset\flowers\dandelion\13651218133_b6eb8e7ed2_m.jpg,1,dandelion
D:\paper\Self_Supervised_Learning\codes\self_supervised_learning_pytorch\dataset\flowers\dandelion\4278757393_bca8415ed4_n.jpg,1,dandelion
D:\paper\Self_Supervised_Learning\codes\self_supervised_learning_pytorch\dataset\flowers\dandelion\151385301_153eacf6b5_n.jpg,1,dandelion
D:\paper\Self_Supervised_Learning\codes\self_supervised_learning_pytorch\dataset\flowers\dandelion\4134441089_c8c1e6132a.jpg,1,dandelion
D:\paper\Self_Supervised_Learning\codes\self_supervised_learning_pytorch\dataset\flowers\dandelion\20165867412_fc45d31698_m.jpg,1,dandelion
D:\paper\Self_Supervised_Learning\codes\self_supervised_learning_pytorch\dataset\flowers\dandelion\16041975_2f6c1596e5.jpg,1,dandelion
D:\paper\Self_Supervised_Learning\codes\self_supervised_learning_pytorch\dataset\flowers\dandelion\4550784336_584d7a65de_m.jpg,1,dandelion
D:\paper\Self_Supervised_Learning\codes\self_supervised_learning_pytorch\dataset\flowers\dandelion\6972675188_37f1f1d6f6.jpg,1,dandelion
D:\paper\Self_Supervised_Learning\codes\self_supervised_learning_pytorch\dataset\flowers\dandelion\1443259657_2704fab26e_n.jpg,1,dandelion
D:\paper\Self_Supervised_Learning\codes\self_supervised_learning_pytorch\dataset\flowers\dandelion\14614655810_9910e6dbd6_n.jpg,1,dandelion
D:\paper\Self_Supervised_Learning\codes\self_supervised_learning_pytorch\dataset\flowers\dandelion\9613826015_f345354874.jpg,1,dandelion
D:\paper\Self_Supervised_Learning\codes\self_supervised_learning_pytorch\dataset\flowers\dandelion\2553703483_558d12668c_n.jpg,1,dandelion
D:\paper\Self_Supervised_Learning\codes\self_supervised_learning_pytorch\dataset\flowers\dandelion\7148085703_b9e8bcd6ca_n.jpg,1,dandelion
D:\paper\Self_Supervised_Learning\codes\self_supervised_learning_pytorch\dataset\flowers\dandelion\2542908888_25a1c78ff0.jpg,1,dandelion
D:\paper\Self_Supervised_Learning\codes\self_supervised_learning_pytorch\dataset\flowers\dandelion\4944731313_023a0508fd_n.jpg,1,dandelion
D:\paper\Self_Supervised_Learning\codes\self_supervised_learning_pytorch\dataset\flowers\dandelion\8980273068_cf7e8b880a_n.jpg,1,dandelion
D:\paper\Self_Supervised_Learning\codes\self_supervised_learning_pytorch\dataset\flowers\dandelion\479115838_0771a6cdff.jpg,1,dandelion
D:\paper\Self_Supervised_Learning\codes\self_supervised_learning_pytorch\dataset\flowers\dandelion\19586799286_beb9d684b5.jpg,1,dandelion
D:\paper\Self_Supervised_Learning\codes\self_supervised_learning_pytorch\dataset\flowers\dandelion\17020815734_81e8db8008_m.jpg,1,dandelion
D:\paper\Self_Supervised_Learning\codes\self_supervised_learning_pytorch\dataset\flowers\dandelion\458011386_ec89115a19.jpg,1,dandelion
D:\paper\Self_Supervised_Learning\codes\self_supervised_learning_pytorch\dataset\flowers\dandelion\14065420729_9b388bf7cb_m.jpg,1,dandelion
D:\paper\Self_Supervised_Learning\codes\self_supervised_learning_pytorch\dataset\flowers\dandelion\3512879565_88dd8fc269_n.jpg,1,dandelion
D:\paper\Self_Supervised_Learning\codes\self_supervised_learning_pytorch\dataset\flowers\dandelion\158988663_6fe055fcb4.jpg,1,dandelion
D:\paper\Self_Supervised_Learning\codes\self_supervised_learning_pytorch\dataset\flowers\dandelion\18271576032_d7e2296de4_n.jpg,1,dandelion
D:\paper\Self_Supervised_Learning\codes\self_supervised_learning_pytorch\dataset\flowers\dandelion\8011324555_375b7b5b0a.jpg,1,dandelion
D:\paper\Self_Supervised_Learning\codes\self_supervised_learning_pytorch\dataset\flowers\dandelion\13920113_f03e867ea7_m.jpg,1,dandelion
D:\paper\Self_Supervised_Learning\codes\self_supervised_learning_pytorch\dataset\flowers\dandelion\5681951567_d3b03bfd2a_m.jpg,1,dandelion
D:\paper\Self_Supervised_Learning\codes\self_supervised_learning_pytorch\dataset\flowers\dandelion\10778387133_9141024b10.jpg,1,dandelion
D:\paper\Self_Supervised_Learning\codes\self_supervised_learning_pytorch\dataset\flowers\dandelion\5670543216_8c4cb0caa8_m.jpg,1,dandelion
D:\paper\Self_Supervised_Learning\codes\self_supervised_learning_pytorch\dataset\flowers\dandelion\17077940105_d2cd7b9ec4_n.jpg,1,dandelion
D:\paper\Self_Supervised_Learning\codes\self_supervised_learning_pytorch\dataset\flowers\dandelion\1469549847_eac61a6802.jpg,1,dandelion
D:\paper\Self_Supervised_Learning\codes\self_supervised_learning_pytorch\dataset\flowers\dandelion\3664916269_29f07c7c7b.jpg,1,dandelion
D:\paper\Self_Supervised_Learning\codes\self_supervised_learning_pytorch\dataset\flowers\dandelion\4847150510_7a5db086fa.jpg,1,dandelion
D:\paper\Self_Supervised_Learning\codes\self_supervised_learning_pytorch\dataset\flowers\dandelion\16744522344_8d21b1530d_n.jpg,1,dandelion
D:\paper\Self_Supervised_Learning\codes\self_supervised_learning_pytorch\dataset\flowers\dandelion\19437710780_c5f2156438.jpg,1,dandelion
D:\paper\Self_Supervised_Learning\codes\self_supervised_learning_pytorch\dataset\flowers\dandelion\14019781123_ea0f8722d4_n.jpg,1,dandelion
D:\paper\Self_Supervised_Learning\codes\self_supervised_learning_pytorch\dataset\flowers\dandelion\21657726011_2c94e341bc_n.jpg,1,dandelion
D:\paper\Self_Supervised_Learning\codes\self_supervised_learning_pytorch\dataset\flowers\dandelion\14003401241_543535b385.jpg,1,dandelion
D:\paper\Self_Supervised_Learning\codes\self_supervised_learning_pytorch\dataset\flowers\dandelion\7808545612_546cfca610_m.jpg,1,dandelion
D:\paper\Self_Supervised_Learning\codes\self_supervised_learning_pytorch\dataset\flowers\dandelion\23891393761_155af6402c.jpg,1,dandelion
D:\paper\Self_Supervised_Learning\codes\self_supervised_learning_pytorch\dataset\flowers\dandelion\23414449869_ee849a80d4.jpg,1,dandelion
D:\paper\Self_Supervised_Learning\codes\self_supervised_learning_pytorch\dataset\flowers\dandelion\253622055_d72964a7fd_n.jpg,1,dandelion
D:\paper\Self_Supervised_Learning\codes\self_supervised_learning_pytorch\dataset\flowers\dandelion\7132605107_f5e033d725_n.jpg,1,dandelion
D:\paper\Self_Supervised_Learning\codes\self_supervised_learning_pytorch\dataset\flowers\dandelion\2938040169_eb38581359.jpg,1,dandelion
D:\paper\Self_Supervised_Learning\codes\self_supervised_learning_pytorch\dataset\flowers\dandelion\8935456132_8dc4d3b679_n.jpg,1,dandelion
D:\paper\Self_Supervised_Learning\codes\self_supervised_learning_pytorch\dataset\flowers\dandelion\7015947703_11b30c20c9_n.jpg,1,dandelion
D:\paper\Self_Supervised_Learning\codes\self_supervised_learning_pytorch\dataset\flowers\dandelion\14021281124_89cc388eac_n.jpg,1,dandelion
D:\paper\Self_Supervised_Learning\codes\self_supervised_learning_pytorch\dataset\flowers\rose\4694341873_65fe187a4e_n.jpg,2,rose
D:\paper\Self_Supervised_Learning\codes\self_supervised_learning_pytorch\dataset\flowers\rose\3231873181_faf2da6382.jpg,2,rose
D:\paper\Self_Supervised_Learning\codes\self_supervised_learning_pytorch\dataset\flowers\rose\10503217854_e66a804309.jpg,2,rose
D:\paper\Self_Supervised_Learning\codes\self_supervised_learning_pytorch\dataset\flowers\rose\5897035797_e67bf68124_n.jpg,2,rose
D:\paper\Self_Supervised_Learning\codes\self_supervised_learning_pytorch\dataset\flowers\rose\410421672_563550467c.jpg,2,rose
D:\paper\Self_Supervised_Learning\codes\self_supervised_learning_pytorch\dataset\flowers\rose\3654988152_b11178bbcb.jpg,2,rose
D:\paper\Self_Supervised_Learning\codes\self_supervised_learning_pytorch\dataset\flowers\rose\15699509054_d3e125286f_n.jpg,2,rose
D:\paper\Self_Supervised_Learning\codes\self_supervised_learning_pytorch\dataset\flowers\rose\6783408274_974796e92f.jpg,2,rose
D:\paper\Self_Supervised_Learning\codes\self_supervised_learning_pytorch\dataset\flowers\rose\15566697073_9a214b700e_n.jpg,2,rose
D:\paper\Self_Supervised_Learning\codes\self_supervised_learning_pytorch\dataset\flowers\rose\3997609936_8db20b7141_n.jpg,2,rose
D:\paper\Self_Supervised_Learning\codes\self_supervised_learning_pytorch\dataset\flowers\rose\18990187093_09f2bff8fc_m.jpg,2,rose
D:\paper\Self_Supervised_Learning\codes\self_supervised_learning_pytorch\dataset\flowers\rose\9216323421_f737c1d50e.jpg,2,rose
D:\paper\Self_Supervised_Learning\codes\self_supervised_learning_pytorch\dataset\flowers\rose\6125332325_b768e08bd9_n.jpg,2,rose
D:\paper\Self_Supervised_Learning\codes\self_supervised_learning_pytorch\dataset\flowers\rose\2332478138_28f1d586e4_n.jpg,2,rose
D:\paper\Self_Supervised_Learning\codes\self_supervised_learning_pytorch\dataset\flowers\rose\16484100863_979beacb08.jpg,2,rose
D:\paper\Self_Supervised_Learning\codes\self_supervised_learning_pytorch\dataset\flowers\rose\8960904651_9a0b727258.jpg,2,rose
D:\paper\Self_Supervised_Learning\codes\self_supervised_learning_pytorch\dataset\flowers\rose\3475572132_01ae28e834_n.jpg,2,rose
D:\paper\Self_Supervised_Learning\codes\self_supervised_learning_pytorch\dataset\flowers\rose\3742168238_d961937e68_n.jpg,2,rose
D:\paper\Self_Supervised_Learning\codes\self_supervised_learning_pytorch\dataset\flowers\rose\5206847130_ee4bf0e4de_n.jpg,2,rose
D:\paper\Self_Supervised_Learning\codes\self_supervised_learning_pytorch\dataset\flowers\rose\16149016979_23ef42b642_m.jpg,2,rose
D:\paper\Self_Supervised_Learning\codes\self_supervised_learning_pytorch\dataset\flowers\rose\5835539224_75967fc400_m.jpg,2,rose
D:\paper\Self_Supervised_Learning\codes\self_supervised_learning_pytorch\dataset\flowers\rose\14982802401_a3dfb22afb.jpg,2,rose
D:\paper\Self_Supervised_Learning\codes\self_supervised_learning_pytorch\dataset\flowers\rose\3045046293_57f6d52065_m.jpg,2,rose
D:\paper\Self_Supervised_Learning\codes\self_supervised_learning_pytorch\dataset\flowers\rose\4804011140_7defedf4b7_m.jpg,2,rose
D:\paper\Self_Supervised_Learning\codes\self_supervised_learning_pytorch\dataset\flowers\rose\8723767157_c45bfd3ab6.jpg,2,rose
D:\paper\Self_Supervised_Learning\codes\self_supervised_learning_pytorch\dataset\flowers\rose\9300754115_dd79670066_n.jpg,2,rose
D:\paper\Self_Supervised_Learning\codes\self_supervised_learning_pytorch\dataset\flowers\rose\15104537437_f6730b38c3_n.jpg,2,rose
D:\paper\Self_Supervised_Learning\codes\self_supervised_learning_pytorch\dataset\flowers\rose\15222804561_0fde5eb4ae_n.jpg,2,rose
D:\paper\Self_Supervised_Learning\codes\self_supervised_learning_pytorch\dataset\flowers\rose\568715474_bdb64ccc32.jpg,2,rose
D:\paper\Self_Supervised_Learning\codes\self_supervised_learning_pytorch\dataset\flowers\rose\17040847367_b54d05bf52.jpg,2,rose
D:\paper\Self_Supervised_Learning\codes\self_supervised_learning_pytorch\dataset\flowers\rose\3145692843_d46ba4703c.jpg,2,rose
D:\paper\Self_Supervised_Learning\codes\self_supervised_learning_pytorch\dataset\flowers\rose\7502389724_85b4a6c855_n.jpg,2,rose
D:\paper\Self_Supervised_Learning\codes\self_supervised_learning_pytorch\dataset\flowers\rose\1756973583_4aac7df00d_m.jpg,2,rose
D:\paper\Self_Supervised_Learning\codes\self_supervised_learning_pytorch\dataset\flowers\rose\537625768_791e973b40.jpg,2,rose
D:\paper\Self_Supervised_Learning\codes\self_supervised_learning_pytorch\dataset\flowers\rose\3872230296_6c477309f3_n.jpg,2,rose
D:\paper\Self_Supervised_Learning\codes\self_supervised_learning_pytorch\dataset\flowers\rose\7376471712_e1be793f94.jpg,2,rose
D:\paper\Self_Supervised_Learning\codes\self_supervised_learning_pytorch\dataset\flowers\rose\3903276582_fe05bf84c7_n.jpg,2,rose
D:\paper\Self_Supervised_Learning\codes\self_supervised_learning_pytorch\dataset\flowers\rose\2888138918_402096c7fb.jpg,2,rose
D:\paper\Self_Supervised_Learning\codes\self_supervised_learning_pytorch\dataset\flowers\rose\5990626258_697f007308_n.jpg,2,rose
D:\paper\Self_Supervised_Learning\codes\self_supervised_learning_pytorch\dataset\flowers\rose\2197754124_5c8a146761_n.jpg,2,rose
D:\paper\Self_Supervised_Learning\codes\self_supervised_learning_pytorch\dataset\flowers\rose\9614492283_66020fb4eb_n.jpg,2,rose
D:\paper\Self_Supervised_Learning\codes\self_supervised_learning_pytorch\dataset\flowers\rose\2535466393_6556afeb2f_m.jpg,2,rose
D:\paper\Self_Supervised_Learning\codes\self_supervised_learning_pytorch\dataset\flowers\rose\12240577184_b0de0e53ea_n.jpg,2,rose
D:\paper\Self_Supervised_Learning\codes\self_supervised_learning_pytorch\dataset\flowers\rose\4684127262_6c3346188d.jpg,2,rose
D:\paper\Self_Supervised_Learning\codes\self_supervised_learning_pytorch\dataset\flowers\rose\2183357362_4b4da4b6b5.jpg,2,rose
D:\paper\Self_Supervised_Learning\codes\self_supervised_learning_pytorch\dataset\flowers\rose\272481307_1eb47ba3e0_n.jpg,2,rose
D:\paper\Self_Supervised_Learning\codes\self_supervised_learning_pytorch\dataset\flowers\rose\15032112248_30c5284e54_n.jpg,2,rose
D:\paper\Self_Supervised_Learning\codes\self_supervised_learning_pytorch\dataset\flowers\rose\15186434972_e353da940a.jpg,2,rose
D:\paper\Self_Supervised_Learning\codes\self_supervised_learning_pytorch\dataset\flowers\rose\8622493424_877ae35ed7.jpg,2,rose
D:\paper\Self_Supervised_Learning\codes\self_supervised_learning_pytorch\dataset\flowers\rose\2265390547_2409007cef_n.jpg,2,rose
D:\paper\Self_Supervised_Learning\codes\self_supervised_learning_pytorch\dataset\flowers\rose\6016195304_75306bb79a.jpg,2,rose
D:\paper\Self_Supervised_Learning\codes\self_supervised_learning_pytorch\dataset\flowers\rose\3550491463_3eb092054c_m.jpg,2,rose
D:\paper\Self_Supervised_Learning\codes\self_supervised_learning_pytorch\dataset\flowers\rose\2960709681_e95940c0f0_n.jpg,2,rose
D:\paper\Self_Supervised_Learning\codes\self_supervised_learning_pytorch\dataset\flowers\rose\8063462557_e0a8bd6c64_n.jpg,2,rose
D:\paper\Self_Supervised_Learning\codes\self_supervised_learning_pytorch\dataset\flowers\rose\12395698413_c0388278f7.jpg,2,rose
D:\paper\Self_Supervised_Learning\codes\self_supervised_learning_pytorch\dataset\flowers\rose\388405293_4db1d71f21_n.jpg,2,rose
D:\paper\Self_Supervised_Learning\codes\self_supervised_learning_pytorch\dataset\flowers\rose\909277823_e6fb8cb5c8_n.jpg,2,rose
D:\paper\Self_Supervised_Learning\codes\self_supervised_learning_pytorch\dataset\flowers\rose\16666836810_216f50e9c3_m.jpg,2,rose
D:\paper\Self_Supervised_Learning\codes\self_supervised_learning_pytorch\dataset\flowers\sunflower\9538283930_0faea083bb_n.jpg,3,sunflower
D:\paper\Self_Supervised_Learning\codes\self_supervised_learning_pytorch\dataset\flowers\sunflower\2706736074_b0fba20b3e.jpg,3,sunflower
D:\paper\Self_Supervised_Learning\codes\self_supervised_learning_pytorch\dataset\flowers\sunflower\9461693602_710f20904f.jpg,3,sunflower
D:\paper\Self_Supervised_Learning\codes\self_supervised_learning_pytorch\dataset\flowers\sunflower\4673984698_6ec14d5b79.jpg,3,sunflower
D:\paper\Self_Supervised_Learning\codes\self_supervised_learning_pytorch\dataset\flowers\sunflower\4933229357_1c5cc03f65_m.jpg,3,sunflower
D:\paper\Self_Supervised_Learning\codes\self_supervised_learning_pytorch\dataset\flowers\sunflower\6050020905_881295ac72_n.jpg,3,sunflower
D:\paper\Self_Supervised_Learning\codes\self_supervised_learning_pytorch\dataset\flowers\sunflower\4933823300_39fd4420b6.jpg,3,sunflower
D:\paper\Self_Supervised_Learning\codes\self_supervised_learning_pytorch\dataset\flowers\sunflower\417251603_69f0ee57a9_m.jpg,3,sunflower
D:\paper\Self_Supervised_Learning\codes\self_supervised_learning_pytorch\dataset\flowers\sunflower\5951665793_8ae4807cbd_n.jpg,3,sunflower
D:\paper\Self_Supervised_Learning\codes\self_supervised_learning_pytorch\dataset\flowers\sunflower\7510285306_ba8f80c382_n.jpg,3,sunflower
D:\paper\Self_Supervised_Learning\codes\self_supervised_learning_pytorch\dataset\flowers\sunflower\4746668678_0e2693b1b9_n.jpg,3,sunflower
D:\paper\Self_Supervised_Learning\codes\self_supervised_learning_pytorch\dataset\flowers\sunflower\5994569021_749d5e2da3_n.jpg,3,sunflower
D:\paper\Self_Supervised_Learning\codes\self_supervised_learning_pytorch\dataset\flowers\sunflower\21374127408_5ffbe87bb2.jpg,3,sunflower
D:\paper\Self_Supervised_Learning\codes\self_supervised_learning_pytorch\dataset\flowers\sunflower\20972866151_e6a928b00a.jpg,3,sunflower
D:\paper\Self_Supervised_Learning\codes\self_supervised_learning_pytorch\dataset\flowers\sunflower\6199086734_b7ddc65816_m.jpg,3,sunflower
D:\paper\Self_Supervised_Learning\codes\self_supervised_learning_pytorch\dataset\flowers\sunflower\5025805406_033cb03475_n.jpg,3,sunflower
D:\paper\Self_Supervised_Learning\codes\self_supervised_learning_pytorch\dataset\flowers\sunflower\14889779907_3d401bbac7_m.jpg,3,sunflower
D:\paper\Self_Supervised_Learning\codes\self_supervised_learning_pytorch\dataset\flowers\sunflower\9558632814_e78a780f4f.jpg,3,sunflower
D:\paper\Self_Supervised_Learning\codes\self_supervised_learning_pytorch\dataset\flowers\sunflower\5970301989_fe3a68aac8_m.jpg,3,sunflower
D:\paper\Self_Supervised_Learning\codes\self_supervised_learning_pytorch\dataset\flowers\sunflower\1715303025_e7065327e2.jpg,3,sunflower
D:\paper\Self_Supervised_Learning\codes\self_supervised_learning_pytorch\dataset\flowers\sunflower\14925397761_46ecfa24e0.jpg,3,sunflower
D:\paper\Self_Supervised_Learning\codes\self_supervised_learning_pytorch\dataset\flowers\sunflower\14121915990_4b76718077_m.jpg,3,sunflower
D:\paper\Self_Supervised_Learning\codes\self_supervised_learning_pytorch\dataset\flowers\sunflower\9610371852_179e7781ce.jpg,3,sunflower
D:\paper\Self_Supervised_Learning\codes\self_supervised_learning_pytorch\dataset\flowers\sunflower\2723995667_31f32294b4.jpg,3,sunflower
D:\paper\Self_Supervised_Learning\codes\self_supervised_learning_pytorch\dataset\flowers\sunflower\6140661443_bb48344226.jpg,3,sunflower
D:\paper\Self_Supervised_Learning\codes\self_supervised_learning_pytorch\dataset\flowers\sunflower\40411100_7fbe10ec0f_n.jpg,3,sunflower
D:\paper\Self_Supervised_Learning\codes\self_supervised_learning_pytorch\dataset\flowers\sunflower\9231555352_d2dd8f8e68_m.jpg,3,sunflower
D:\paper\Self_Supervised_Learning\codes\self_supervised_learning_pytorch\dataset\flowers\sunflower\857698097_8068a2c135_n.jpg,3,sunflower
D:\paper\Self_Supervised_Learning\codes\self_supervised_learning_pytorch\dataset\flowers\sunflower\200011914_93f57ed68b.jpg,3,sunflower
D:\paper\Self_Supervised_Learning\codes\self_supervised_learning_pytorch\dataset\flowers\sunflower\8292914969_4a76608250_m.jpg,3,sunflower
D:\paper\Self_Supervised_Learning\codes\self_supervised_learning_pytorch\dataset\flowers\sunflower\2979297519_17a08b37f6_m.jpg,3,sunflower
D:\paper\Self_Supervised_Learning\codes\self_supervised_learning_pytorch\dataset\flowers\sunflower\20777358950_c63ea569a1.jpg,3,sunflower
D:\paper\Self_Supervised_Learning\codes\self_supervised_learning_pytorch\dataset\flowers\sunflower\164668737_aeab0cb55e_n.jpg,3,sunflower
D:\paper\Self_Supervised_Learning\codes\self_supervised_learning_pytorch\dataset\flowers\sunflower\15241052342_466b38b68d.jpg,3,sunflower
D:\paper\Self_Supervised_Learning\codes\self_supervised_learning_pytorch\dataset\flowers\sunflower\6133988570_9dc778e622_m.jpg,3,sunflower
D:\paper\Self_Supervised_Learning\codes\self_supervised_learning_pytorch\dataset\flowers\sunflower\15683877266_42e0fe3782_n.jpg,3,sunflower
D:\paper\Self_Supervised_Learning\codes\self_supervised_learning_pytorch\dataset\flowers\sunflower\2575272111_f04d79b9af_n.jpg,3,sunflower
D:\paper\Self_Supervised_Learning\codes\self_supervised_learning_pytorch\dataset\flowers\sunflower\3893436870_034b79d118_n.jpg,3,sunflower
D:\paper\Self_Supervised_Learning\codes\self_supervised_learning_pytorch\dataset\flowers\sunflower\4080112931_cb20b3d51a_n.jpg,3,sunflower
D:\paper\Self_Supervised_Learning\codes\self_supervised_learning_pytorch\dataset\flowers\sunflower\5139977423_d413b23fde_m.jpg,3,sunflower
D:\paper\Self_Supervised_Learning\codes\self_supervised_learning_pytorch\dataset\flowers\sunflower\200557983_10a88672fc.jpg,3,sunflower
D:\paper\Self_Supervised_Learning\codes\self_supervised_learning_pytorch\dataset\flowers\sunflower\4746643626_02b2d056a2_n.jpg,3,sunflower
D:\paper\Self_Supervised_Learning\codes\self_supervised_learning_pytorch\dataset\flowers\sunflower\7510240282_87554c7418_n.jpg,3,sunflower
D:\paper\Self_Supervised_Learning\codes\self_supervised_learning_pytorch\dataset\flowers\sunflower\12471290635_1f9e3aae16_n.jpg,3,sunflower
D:\paper\Self_Supervised_Learning\codes\self_supervised_learning_pytorch\dataset\flowers\sunflower\19442589512_e733cfea0f.jpg,3,sunflower
D:\paper\Self_Supervised_Learning\codes\self_supervised_learning_pytorch\dataset\flowers\sunflower\15081164641_45a7b92b3a_m.jpg,3,sunflower
D:\paper\Self_Supervised_Learning\codes\self_supervised_learning_pytorch\dataset\flowers\sunflower\274846229_990e976683_n.jpg,3,sunflower
D:\paper\Self_Supervised_Learning\codes\self_supervised_learning_pytorch\dataset\flowers\sunflower\1022552036_67d33d5bd8_n.jpg,3,sunflower
D:\paper\Self_Supervised_Learning\codes\self_supervised_learning_pytorch\dataset\flowers\sunflower\5979111199_495884b578_n.jpg,3,sunflower
D:\paper\Self_Supervised_Learning\codes\self_supervised_learning_pytorch\dataset\flowers\sunflower\7820626738_3be6a52e4e_n.jpg,3,sunflower
D:\paper\Self_Supervised_Learning\codes\self_supervised_learning_pytorch\dataset\flowers\sunflower\184682320_73ccf74710.jpg,3,sunflower
D:\paper\Self_Supervised_Learning\codes\self_supervised_learning_pytorch\dataset\flowers\sunflower\6606741847_f0198d83ff.jpg,3,sunflower
D:\paper\Self_Supervised_Learning\codes\self_supervised_learning_pytorch\dataset\flowers\sunflower\2940221732_3507f3e927_n.jpg,3,sunflower
D:\paper\Self_Supervised_Learning\codes\self_supervised_learning_pytorch\dataset\flowers\sunflower\17148843706_df148301ac_n.jpg,3,sunflower
D:\paper\Self_Supervised_Learning\codes\self_supervised_learning_pytorch\dataset\flowers\sunflower\9427945592_07a2676945_n.jpg,3,sunflower
D:\paper\Self_Supervised_Learning\codes\self_supervised_learning_pytorch\dataset\flowers\sunflower\15123604714_dd034a4a3b_n.jpg,3,sunflower
D:\paper\Self_Supervised_Learning\codes\self_supervised_learning_pytorch\dataset\flowers\sunflower\14741866338_bdc8bfc8d5_n.jpg,3,sunflower
D:\paper\Self_Supervised_Learning\codes\self_supervised_learning_pytorch\dataset\flowers\sunflower\2816256710_a2d3616fae.jpg,3,sunflower
D:\paper\Self_Supervised_Learning\codes\self_supervised_learning_pytorch\dataset\flowers\sunflower\58636535_bc53ef0a21_m.jpg,3,sunflower
D:\paper\Self_Supervised_Learning\codes\self_supervised_learning_pytorch\dataset\flowers\sunflower\9399711558_7cb9547cd3_n.jpg,3,sunflower
D:\paper\Self_Supervised_Learning\codes\self_supervised_learning_pytorch\dataset\flowers\sunflower\14397276020_49f9423614.jpg,3,sunflower
D:\paper\Self_Supervised_Learning\codes\self_supervised_learning_pytorch\dataset\flowers\sunflower\5896354497_6a19162741.jpg,3,sunflower
D:\paper\Self_Supervised_Learning\codes\self_supervised_learning_pytorch\dataset\flowers\sunflower\9481563239_01b585b41d_n.jpg,3,sunflower
D:\paper\Self_Supervised_Learning\codes\self_supervised_learning_pytorch\dataset\flowers\tulip\5718781677_d5e9267115_n.jpg,4,tulip
D:\paper\Self_Supervised_Learning\codes\self_supervised_learning_pytorch\dataset\flowers\tulip\518256494_368a72db37.jpg,4,tulip
D:\paper\Self_Supervised_Learning\codes\self_supervised_learning_pytorch\dataset\flowers\tulip\5674704952_9bd225ed9e_n.jpg,4,tulip
D:\paper\Self_Supervised_Learning\codes\self_supervised_learning_pytorch\dataset\flowers\tulip\4522130258_9ee44cf73f_m.jpg,4,tulip
D:\paper\Self_Supervised_Learning\codes\self_supervised_learning_pytorch\dataset\flowers\tulip\8713392604_90631fb809_n.jpg,4,tulip
D:\paper\Self_Supervised_Learning\codes\self_supervised_learning_pytorch\dataset\flowers\tulip\14009216519_b608321cf2_n.jpg,4,tulip
D:\paper\Self_Supervised_Learning\codes\self_supervised_learning_pytorch\dataset\flowers\tulip\3213012716_b4c0f7db88.jpg,4,tulip
D:\paper\Self_Supervised_Learning\codes\self_supervised_learning_pytorch\dataset\flowers\tulip\7070694881_e9a331fa4e_n.jpg,4,tulip
D:\paper\Self_Supervised_Learning\codes\self_supervised_learning_pytorch\dataset\flowers\tulip\5546723510_39a5a10d3a_n.jpg,4,tulip
D:\paper\Self_Supervised_Learning\codes\self_supervised_learning_pytorch\dataset\flowers\tulip\3485767306_6db7bdf536.jpg,4,tulip
D:\paper\Self_Supervised_Learning\codes\self_supervised_learning_pytorch\dataset\flowers\tulip\7082608511_f4cf233f59_n.jpg,4,tulip
D:\paper\Self_Supervised_Learning\codes\self_supervised_learning_pytorch\dataset\flowers\tulip\7047408023_6e98fd1e3f.jpg,4,tulip
D:\paper\Self_Supervised_Learning\codes\self_supervised_learning_pytorch\dataset\flowers\tulip\13926327692_a07357ff0d.jpg,4,tulip
D:\paper\Self_Supervised_Learning\codes\self_supervised_learning_pytorch\dataset\flowers\tulip\13513616525_2ee0f049e1.jpg,4,tulip
D:\paper\Self_Supervised_Learning\codes\self_supervised_learning_pytorch\dataset\flowers\tulip\7166539842_43b7e02883.jpg,4,tulip
D:\paper\Self_Supervised_Learning\codes\self_supervised_learning_pytorch\dataset\flowers\tulip\17469578564_35a8360f58.jpg,4,tulip
D:\paper\Self_Supervised_Learning\codes\self_supervised_learning_pytorch\dataset\flowers\tulip\9446982168_06c4d71da3_n.jpg,4,tulip
D:\paper\Self_Supervised_Learning\codes\self_supervised_learning_pytorch\dataset\flowers\tulip\16732302779_8aa56f255d_n.jpg,4,tulip
D:\paper\Self_Supervised_Learning\codes\self_supervised_learning_pytorch\dataset\flowers\tulip\14097328354_4f1469a170.jpg,4,tulip
D:\paper\Self_Supervised_Learning\codes\self_supervised_learning_pytorch\dataset\flowers\tulip\113291410_1bdc718ed8_n.jpg,4,tulip
D:\paper\Self_Supervised_Learning\codes\self_supervised_learning_pytorch\dataset\flowers\tulip\5644061265_e02135f028_n.jpg,4,tulip
D:\paper\Self_Supervised_Learning\codes\self_supervised_learning_pytorch\dataset\flowers\tulip\10995953955_089572caf0.jpg,4,tulip
D:\paper\Self_Supervised_Learning\codes\self_supervised_learning_pytorch\dataset\flowers\tulip\14046760909_0c73e84a1f_n.jpg,4,tulip
D:\paper\Self_Supervised_Learning\codes\self_supervised_learning_pytorch\dataset\flowers\tulip\5653364300_bc557236c7_n.jpg,4,tulip
D:\paper\Self_Supervised_Learning\codes\self_supervised_learning_pytorch\dataset\flowers\tulip\7145978709_2d1596f462.jpg,4,tulip
D:\paper\Self_Supervised_Learning\codes\self_supervised_learning_pytorch\dataset\flowers\tulip\5697471591_200ff951fa_n.jpg,4,tulip
D:\paper\Self_Supervised_Learning\codes\self_supervised_learning_pytorch\dataset\flowers\tulip\6998661030_46cbb7892a.jpg,4,tulip
D:\paper\Self_Supervised_Learning\codes\self_supervised_learning_pytorch\dataset\flowers\tulip\13561966423_e5c641fe11.jpg,4,tulip
D:\paper\Self_Supervised_Learning\codes\self_supervised_learning_pytorch\dataset\flowers\tulip\15275144259_f9a18ec9cb.jpg,4,tulip
D:\paper\Self_Supervised_Learning\codes\self_supervised_learning_pytorch\dataset\flowers\tulip\5388013398_09a8a0f166_m.jpg,4,tulip
D:\paper\Self_Supervised_Learning\codes\self_supervised_learning_pytorch\dataset\flowers\tulip\8686332852_c6dcb2e86b.jpg,4,tulip
D:\paper\Self_Supervised_Learning\codes\self_supervised_learning_pytorch\dataset\flowers\tulip\4521496161_2b41d4182e.jpg,4,tulip
D:\paper\Self_Supervised_Learning\codes\self_supervised_learning_pytorch\dataset\flowers\tulip\4550805310_5f81c9ba08_n.jpg,4,tulip
D:\paper\Self_Supervised_Learning\codes\self_supervised_learning_pytorch\dataset\flowers\tulip\6808860548_53796b90ca_n.jpg,4,tulip
D:\paper\Self_Supervised_Learning\codes\self_supervised_learning_pytorch\dataset\flowers\tulip\7166570828_7c26ca5766_n.jpg,4,tulip
D:\paper\Self_Supervised_Learning\codes\self_supervised_learning_pytorch\dataset\flowers\tulip\6227136437_6117068599_m.jpg,4,tulip
D:\paper\Self_Supervised_Learning\codes\self_supervised_learning_pytorch\dataset\flowers\tulip\11746367_d23a35b085_n.jpg,4,tulip
D:\paper\Self_Supervised_Learning\codes\self_supervised_learning_pytorch\dataset\flowers\tulip\2481827798_6087d71134.jpg,4,tulip
D:\paper\Self_Supervised_Learning\codes\self_supervised_learning_pytorch\dataset\flowers\tulip\15632065904_0d9caf174b.jpg,4,tulip
D:\paper\Self_Supervised_Learning\codes\self_supervised_learning_pytorch\dataset\flowers\tulip\3150964108_24dbec4b23_m.jpg,4,tulip
D:\paper\Self_Supervised_Learning\codes\self_supervised_learning_pytorch\dataset\flowers\tulip\4508346090_a27b988f79_n.jpg,4,tulip
D:\paper\Self_Supervised_Learning\codes\self_supervised_learning_pytorch\dataset\flowers\tulip\18245124970_e68fd3f3c3.jpg,4,tulip
D:\paper\Self_Supervised_Learning\codes\self_supervised_learning_pytorch\dataset\flowers\tulip\430785322_7ddef64c68_m.jpg,4,tulip
D:\paper\Self_Supervised_Learning\codes\self_supervised_learning_pytorch\dataset\flowers\tulip\8690789564_394eb04982_n.jpg,4,tulip
D:\paper\Self_Supervised_Learning\codes\self_supervised_learning_pytorch\dataset\flowers\tulip\4117620896_070e5887ae_m.jpg,4,tulip
D:\paper\Self_Supervised_Learning\codes\self_supervised_learning_pytorch\dataset\flowers\tulip\2344751399_71620039f2_n.jpg,4,tulip
D:\paper\Self_Supervised_Learning\codes\self_supervised_learning_pytorch\dataset\flowers\tulip\113960470_38fab8f2fb_m.jpg,4,tulip
D:\paper\Self_Supervised_Learning\codes\self_supervised_learning_pytorch\dataset\flowers\tulip\5813495998_64be1b8ab6_n.jpg,4,tulip
D:\paper\Self_Supervised_Learning\codes\self_supervised_learning_pytorch\dataset\flowers\tulip\14087326141_1906d5a373_n.jpg,4,tulip
D:\paper\Self_Supervised_Learning\codes\self_supervised_learning_pytorch\dataset\flowers\tulip\2256214682_130c01d9d9.jpg,4,tulip
D:\paper\Self_Supervised_Learning\codes\self_supervised_learning_pytorch\dataset\flowers\tulip\16677199221_eab3f22378_n.jpg,4,tulip
D:\paper\Self_Supervised_Learning\codes\self_supervised_learning_pytorch\dataset\flowers\tulip\5691100579_4a2767360a.jpg,4,tulip
D:\paper\Self_Supervised_Learning\codes\self_supervised_learning_pytorch\dataset\flowers\tulip\17224410762_402455ed8f.jpg,4,tulip
D:\paper\Self_Supervised_Learning\codes\self_supervised_learning_pytorch\dataset\flowers\tulip\4561670472_0451888e32_n.jpg,4,tulip
D:\paper\Self_Supervised_Learning\codes\self_supervised_learning_pytorch\dataset\flowers\tulip\14090534565_5857ce4b7c_n.jpg,4,tulip
D:\paper\Self_Supervised_Learning\codes\self_supervised_learning_pytorch\dataset\flowers\tulip\405035580_94b793e71d.jpg,4,tulip
D:\paper\Self_Supervised_Learning\codes\self_supervised_learning_pytorch\dataset\flowers\tulip\2220085701_896054d263_n.jpg,4,tulip
D:\paper\Self_Supervised_Learning\codes\self_supervised_learning_pytorch\dataset\flowers\tulip\16951623209_00fb7ec1b1_n.jpg,4,tulip
D:\paper\Self_Supervised_Learning\codes\self_supervised_learning_pytorch\dataset\flowers\tulip\14087425312_2b5846b570_n.jpg,4,tulip
D:\paper\Self_Supervised_Learning\codes\self_supervised_learning_pytorch\dataset\flowers\tulip\7064778965_ddcc6ee9f2.jpg,4,tulip
D:\paper\Self_Supervised_Learning\codes\self_supervised_learning_pytorch\dataset\flowers\tulip\15029962436_3e50c1f30f_n.jpg,4,tulip
D:\paper\Self_Supervised_Learning\codes\self_supervised_learning_pytorch\dataset\flowers\tulip\6934951920_d43ff8b78d.jpg,4,tulip
D:\paper\Self_Supervised_Learning\codes\self_supervised_learning_pytorch\dataset\flowers\tulip\489506904_9b68ba211c.jpg,4,tulip
D:\paper\Self_Supervised_Learning\codes\self_supervised_learning_pytorch\dataset\flowers\tulip\14262354955_cc2ab3b112_m.jpg,4,tulip
D:\paper\Self_Supervised_Learning\codes\self_supervised_learning_pytorch\dataset\flowers\tulip\13979098645_50b9eebc02_n.jpg,4,tulip
D:\paper\Self_Supervised_Learning\codes\self_supervised_learning_pytorch\dataset\flowers\tulip\4589624702_b6baa83699_m.jpg,4,tulip
D:\paper\Self_Supervised_Learning\codes\self_supervised_learning_pytorch\dataset\flowers\tulip\116343334_9cb4acdc57_n.jpg,4,tulip
D:\paper\Self_Supervised_Learning\codes\self_supervised_learning_pytorch\dataset\flowers\tulip\8484905084_6a18c62b13_m.jpg,4,tulip
D:\paper\Self_Supervised_Learning\codes\self_supervised_learning_pytorch\dataset\flowers\tulip\17318339476_54479b6660_n.jpg,4,tulip
D:\paper\Self_Supervised_Learning\codes\self_supervised_learning_pytorch\dataset\flowers\tulip\14087860553_bf4f8ec56d.jpg,4,tulip
D:\paper\Self_Supervised_Learning\codes\self_supervised_learning_pytorch\dataset\flowers\tulip\16700863150_ddaa4d89b4_n.jpg,4,tulip
D:\paper\Self_Supervised_Learning\codes\self_supervised_learning_pytorch\dataset\flowers\tulip\5666286130_1dc6f66f09_n.jpg,4,tulip
D:\paper\Self_Supervised_Learning\codes\self_supervised_learning_pytorch\dataset\flowers\tulip\2426849837_baefd9a518_n.jpg,4,tulip
